filename,folder_label,angry,disgust,fear,happy,sad,surprise,neutral,difficulty,shown
ck_0875.png,surprise,1.1451952073691542e-19,0.0,2.455630143671783e-07,1.8200301162410333e-15,1.9329674464784224e-23,100.0,5.399653056029509e-24,0.0,False
ck_0868.png,surprise,2.866075472773426e-14,2.0571894427977943e-27,6.247272033022e-07,5.220288177426591e-11,1.2179225487859464e-22,100.0,8.409305012718607e-25,0.0,False
ck_0615.png,happy,7.812137603480096e-07,3.2859933881355317e-16,2.100153037587482e-09,100.0,2.615055394450394e-08,3.1584676280643764e-10,4.374798123762957e-06,0.0,False
ck_0641.png,happy,7.000954069941168e-10,1.1825004939591545e-24,1.364676465364853e-12,100.0,9.997716223690903e-13,7.422455662250971e-11,4.08107048155415e-08,0.0,False
ck_0619.png,happy,5.277323023022973e-07,1.949123934114931e-23,3.018035565791012e-14,100.0,8.288568616177105e-10,2.611402576385008e-15,2.467503756875544e-07,0.0,False
ck_0802.png,sad,0.7366424892097712,1.296843521458868e-05,2.6401132345199585,5.3189523896435276e-06,94.97295618057251,5.381108962865255e-05,1.6502117738127708,0.0,False
ck_0718.png,angry,99.98027682539501,3.039309596948999e-06,0.004804018836082508,3.2395960521414385e-09,0.014905557005748808,1.3390847944015516e-08,9.212831354221424e-06,0.0,False
ck_0776.png,disgust,1.8686223775148392,98.08785915374756,0.025344578898511827,1.256395681936695e-08,0.01713557867333293,0.0002562279632911668,0.0007836336408217903,0.0,False
ck_0910.png,surprise,1.2213479359812762e-09,3.9758036284545637e-19,1.449069753078902e-06,5.324625809710604e-09,1.5494019315404268e-15,100.0,5.252562768511458e-17,0.0,False
ck_0657.png,happy,4.947001060748649e-13,6.243796830589582e-21,5.022094610970728e-18,100.0,1.85679379857695e-12,5.314338891403603e-16,1.9664327943758053e-07,0.0,False
ck_0654.png,happy,5.883692144603714e-09,6.304664706947711e-20,8.881287276520067e-17,100.0,4.359709750330343e-11,1.806244613665439e-16,3.1555416057926777e-06,0.0,False
ck_0831.png,fear,8.811294592773269,0.0032542593785749754,79.4384931848637,1.1235522514345946,5.179873353823823,2.8151400017905237,2.6283945296281015,0.0,False
ck_0646.png,happy,1.7089710274023162e-15,2.957788525738043e-21,2.6462661324784955e-18,100.0,1.4238602159301339e-11,9.347635291512184e-19,1.3732331938243192e-08,0.0,False
ck_0644.png,happy,2.781130826597588e-13,5.5039229802558315e-25,5.2973747612086354e-17,100.0,1.3573714838211424e-12,4.753162441208949e-15,2.8037771215849716e-06,0.0,False
ck_0877.png,surprise,1.423567752394106e-10,3.495592565560022e-28,1.3269871423915447e-06,4.1510903048269654e-08,4.1093126570619176e-24,100.0,1.1880806063428243e-23,0.0,False
ck_0659.png,happy,5.0516235639008755e-08,6.011754720605142e-20,1.0292040055829275e-13,100.0,3.5401877555765043e-12,5.109381234075228e-10,2.3934862980468097e-06,0.0,False
ck_0611.png,happy,1.4651993338543996e-15,1.1700514115207387e-27,2.355603527854404e-19,99.99999403953517,4.496048670469372e-16,8.632384859937521e-14,6.002172983342833e-06,6.498420871543653e-08,False
ck_0846.png,surprise,2.0950259305152485e-07,4.602219687700575e-13,8.981982091427199e-06,9.449673031916572e-11,1.2891632345951598e-14,99.99998807907104,2.8526994328728516e-16,1.1920958773878328e-07,False
ck_0640.png,happy,3.2657606211840975e-05,7.5218341041915e-29,2.4592622298725884e-18,99.99997019767584,2.0299437170223905e-12,1.720143870541148e-20,1.0740277086156697e-07,3.249210435771826e-07,False
ck_0613.png,happy,3.2825968787619786e-05,1.7732347305505915e-16,1.3421441735772532e-07,99.99996423721313,1.3006211559141168e-09,1.85060666335439e-11,2.184693981277519e-07,3.8990522905245647e-07,False
ck_0855.png,surprise,5.7879904322048705e-08,2.616514915322181e-16,5.433941833979417e-05,2.9096196077038766e-07,8.632517314722543e-13,99.9999463558165,2.4661524547927976e-14,5.364431767990279e-07,False
ck_0634.png,happy,1.1231824517195496e-10,3.2352446028249367e-16,1.129428378177199e-12,99.9999463558165,6.791807972564194e-10,1.3628334240786534e-13,5.382679298926878e-05,5.848578784389288e-07,False
ck_0622.png,happy,5.875690451919074e-13,2.0645174331786246e-17,1.5788693423538395e-15,99.99992251395717,5.74924213712645e-10,2.9465550545170624e-12,7.896879781155725e-05,8.447947133006748e-07,False
ck_0892.png,surprise,1.533383908736141e-05,1.6355591265560833e-12,9.715002988741617e-05,1.8398745860181975e-07,1.4874002908244616e-11,99.9998927116394,4.595851694003117e-11,1.0728862896490494e-06,False
ck_0872.png,surprise,0.00011034667295461986,9.055134585089418e-16,1.9183130461897235e-05,1.27845775632629e-08,1.7182529203174472e-13,99.9998688697815,1.2791104887584681e-13,1.311305465126616e-06,False
ck_0618.png,happy,6.465637053532092e-09,7.704446174554423e-18,8.403380835424971e-13,99.9998688697815,2.4354180130914393e-09,4.521880094961162e-15,0.00013612122984341113,1.4296525065256737e-06,False
ck_0617.png,happy,9.317861708184485e-11,1.7098430977761974e-22,1.621113584486329e-12,99.99986290930885,4.948469094391394e-12,5.627004840105833e-10,0.00013862752128724717,1.49463680045504e-06,False
ck_0630.png,happy,1.294894139830527e-09,5.161748827967215e-21,6.581004484242157e-14,99.99983310699463,1.081534601460321e-09,1.7114695416626559e-12,0.00016649455574224703,1.81955773557813e-06,False
ck_0902.png,surprise,1.5080506631935425e-06,1.1573983714332609e-18,0.0001803425669267476,1.6273905149798018e-05,1.121610986233072e-15,99.99980330466052,1.1026272562179106e-14,1.9669583149297687e-06,False
ck_0886.png,surprise,1.5006308728970907e-05,5.3081728389634485e-14,0.00021549292341660475,3.9287573194712877e-07,2.0854528499057723e-11,99.99977350234985,1.9838410428296704e-10,2.2649821670368825e-06,False
ck_0629.png,happy,1.4437635557791167e-14,4.373877422410799e-25,1.1315981326596903e-15,99.9997615814209,2.442090007591293e-13,7.540475405534708e-11,0.00023720815534034045,2.5993681936830433e-06,False
ck_0871.png,surprise,1.7147112174598078e-06,1.1190886802560509e-15,0.00026496441023482475,1.273333993800918e-07,4.2233062750099415e-12,99.99973773956299,7.665225333804149e-11,2.622610930253232e-06,False
ck_0915.png,surprise,0.0001393519482917327,2.1146884156969525e-10,0.00015931576626826427,7.058568174400648e-08,1.1926025722530653e-07,99.99970197677612,1.2801416870988902e-08,2.980239693469582e-06,False
ck_0660.png,happy,1.2026854338820225e-09,1.5394311028990611e-18,7.255241058542333e-12,99.99960660934448,8.841041614082723e-10,1.4688630756154453e-06,0.00039079423004295677,4.288957519577021e-06,False
ck_0596.png,happy,5.693819114110932e-10,3.2462834971553697e-17,2.9233629406100192e-09,99.99959468841553,5.432251003190114e-10,9.470580986103982e-08,0.0004098727004020475,4.418925929261173e-06,False
ck_0655.png,happy,2.69127243211663e-06,3.1158735540515782e-18,2.8369262841249855e-11,99.99955296513754,3.841726818610989e-09,2.6094470155153757e-09,0.0004495091429444357,4.8738156536577395e-06,False
ck_0631.png,happy,0.0004070072918693768,3.24332338763611e-08,9.80813474882325e-07,99.99945163726807,0.00010753253718576161,3.473757281824419e-07,3.972739932578406e-05,5.9785468454709995e-06,False
ck_0647.png,happy,4.727569746159585e-10,6.758192979601955e-16,1.7997373853577816e-13,99.99943375584088,5.310325412839406e-09,1.7965323382257887e-15,0.0005667703473080669,6.173499827966469e-06,False
ck_0603.png,happy,3.717298013613515e-14,3.3819713529600864e-19,1.2345465284497032e-11,99.99940991398155,7.277903158719402e-08,6.327431317455925e-09,0.000592854065738069,6.433436662828216e-06,False
ck_0607.png,happy,7.940592183786066e-07,3.6117105400162997e-12,1.2245947311750882e-08,99.99936819076538,1.270435756595134e-06,2.8985039195184026e-10,0.0006317556199064711,6.888325713260064e-06,False
ck_0895.png,surprise,2.6842380407288147e-05,4.232533526441759e-17,0.0007029834250715794,1.2397675774877825e-06,2.2361595692130644e-14,99.99927282333374,2.1863450110136233e-12,7.27178485206578e-06,False
ck_0610.png,happy,2.570257961869908e-10,1.7251547534780298e-14,1.7394234266656578e-12,99.99911189073991,2.5514188637979023e-10,8.052714926845177e-12,0.0008905539819928397,9.682647098600042e-06,False
ck_0867.png,surprise,0.0009879437129711732,9.865075099315616e-14,0.0001667366518631752,9.205836648540355e-08,2.7967769766767958e-08,99.99884366989136,2.3213364563900996e-07,1.1563330010661978e-05,False
ck_0648.png,happy,1.275970865424747e-10,9.861789951512861e-17,5.45696334528032e-12,99.99886751174927,4.7993126139900255e-08,1.6358918410977648e-12,0.0011382610864529852,1.2346998919994454e-05,False
ck_0625.png,happy,0.001715910002531018,5.52994583458144e-07,3.522378477782695e-06,99.99737739562988,0.00046274790292955004,2.248953734351744e-06,0.00043564027691900264,2.8593050130513475e-05,False
ck_0616.png,happy,1.4583082474928233e-05,2.2395859472501556e-09,0.00013884076679460122,99.99725818634033,5.477716413793132e-06,3.7732189595018895e-08,0.002579462125140708,2.9892734227354996e-05,False
ck_0884.png,surprise,0.00014547503042194876,1.8541277454348082e-10,0.0028668144295806997,2.8530363849199603e-06,8.715731180395161e-12,99.99698400497437,1.774016805004342e-13,3.016002569791217e-05,False
ck_0847.png,surprise,5.504251029139459e-10,9.835690210629764e-19,0.0035793649972922724,4.8733723963381025e-06,2.755214704898868e-12,99.99641776063548,1.837622736126886e-14,3.5822483250690634e-05,False
ck_0593.png,happy,3.053422870024516e-05,2.8379925292625424e-13,7.610716955094582e-08,99.99603629088618,7.222158590876811e-06,1.2955627343769145e-07,0.003925296784698958,4.321449879576529e-05,False
ck_0858.png,surprise,2.217357675249332e-06,7.228746882737394e-17,0.004732883462565951,3.1909131337215513e-06,1.4797338025010056e-15,99.99526739120483,1.0740561818870821e-16,4.732620633229696e-05,False
ck_0917.png,surprise,0.00464645418105647,3.424171753432792e-11,0.00017422034943592735,4.868081191489182e-05,8.303735654635602e-06,99.99512434005737,2.0579655757302362e-07,4.875672138516236e-05,False
ck_0876.png,surprise,4.018318646416929e-05,4.806938120405808e-10,0.005865949773970792,1.4468155891959272e-05,1.810989133351469e-07,99.99408125842102,1.750599823782936e-11,5.9187563840159405e-05,False
ck_0898.png,surprise,0.005484613649169405,4.2019033905927415e-05,0.002059193257170974,1.6557286899504372e-07,4.0377453008337836e-05,99.99237060637824,2.3585461436693e-06,7.629412705785153e-05,False
ck_0848.png,surprise,0.008881094254320487,2.509843822317585e-16,1.2968710905170155e-05,1.3617953875666444e-06,5.480799147861148e-09,99.99110698699951,4.431727554377041e-09,8.893035245313233e-05,False
ck_0908.png,surprise,0.009500376472715288,2.78823058391664e-10,0.0006295414095802698,4.402512132628544e-06,3.778612839289153e-09,99.98986721038818,5.287232873740777e-08,0.0001013281495779658,False
ck_0911.png,surprise,0.009870190703489077,1.7420214920838748e-08,0.0006635578242702883,1.1116401262619977e-05,7.585518082824817e-09,99.98945593771076,2.4952588705975283e-08,0.00010544088663972002,False
ck_0626.png,happy,1.8095565934572733e-06,5.656501378403789e-08,1.5894890736944944e-06,99.99004602432251,0.00033026697110472014,1.1096509597484047e-13,0.009623112418921664,0.00010852362208626705,False
ck_0594.png,happy,4.345993787069347e-06,3.8005108393690534e-06,4.165131315403414e-05,99.98924732208252,0.0013452602615871,5.299967753558121e-06,0.009356337977806106,0.00011723150553510525,False
ck_0854.png,surprise,0.00047013912154492344,1.421738228623004e-08,0.013255244328952987,0.0009181415954765976,3.272755254650855e-11,99.98535513790578,1.4599575945558486e-12,0.0001464489872661346,False
ck_0624.png,happy,5.3379063423900346e-14,7.745249044359941e-21,1.2506556554270354e-09,99.98652935028076,3.202127452084369e-09,2.314753944077097e-08,0.013468546967487782,0.00014686430294309194,False
ck_0599.png,happy,2.292313576099641e-12,5.635278434347338e-15,9.11736723445411e-11,99.98606443405151,1.887304340586482e-08,5.3990086056401876e-11,0.013935673632659018,0.00015193307092077388,False
ck_0635.png,happy,5.382759456608391e-16,1.5623958152938242e-24,3.821635403858443e-18,99.98530745418712,1.5868175775497707e-10,1.320303401747754e-11,0.014691407853039077,0.00016018607448355104,False
ck_0838.png,surprise,0.0014538354662363417,6.029640220277244e-11,0.015302941028494388,2.4253706598642566e-06,1.4509430983078442e-09,99.98323917388916,5.257012707093889e-10,0.0001676086803607293,False
ck_0628.png,happy,0.0014756654279237495,3.4411219416234125e-10,8.218921073999092e-05,99.98417496586889,0.0004168955250149021,1.8135255490247098e-08,0.013851804494872211,0.00017253307413948396,False
ck_0909.png,surprise,0.017244544442417888,6.811539856968348e-12,0.0024453767403067195,0.0012453795367193318,5.253142526870027e-11,99.97906684750717,2.3742742521680495e-08,0.0002093320485464651,False
ck_0894.png,surprise,0.004627249654731713,2.2400563348679015e-08,0.018185621593147516,3.0846152299091045e-05,0.0005303273155732313,99.97662901878357,7.264516987959269e-07,0.00023371039676188461,False
ck_0639.png,happy,0.007742487455449631,4.562109079561414e-06,0.01399689623703927,99.97819066307656,1.8816701329940155e-05,1.2603128059784285e-05,3.286837290204551e-05,0.00023777717717190464,False
ck_0888.png,surprise,0.024255469907075167,1.6445171775996553e-12,0.0014416318663279526,2.4532548081879213e-05,1.4823603455837997e-08,99.97428059577942,1.4821689431343543e-07,0.00025719468554642494,False
ck_0642.png,happy,4.566775846370774e-07,8.722183131998351e-11,9.066695419619741e-11,99.9711811542511,4.681170295839365e-06,9.615002544149931e-09,0.028817367274314165,0.00031419863041143786,False
ck_0627.png,happy,0.031140632927417755,1.846694319814976e-11,7.973137705619138e-07,99.96838569641113,1.2165011753495492e-05,4.397716218962344e-09,0.0004588425326801371,0.00034467622248237153,False
ck_0851.png,surprise,0.00998776945794676,2.472838975628618e-11,0.01047387257714555,0.0019722304653006137,1.2163207699930336e-05,99.9630868412904,0.014463236719041272,0.0003691325104351533,False
ck_0863.png,surprise,5.465286994759777e-12,1.370757363351271e-24,0.04724854098370928,7.523185621365441e-07,1.0085452700000838e-17,99.95274544325525,1.9479497261639608e-16,0.0004725467494645679,False
ck_0600.png,happy,1.7907528419651951e-12,2.81348960276507e-13,7.238530885800287e-08,99.9544084072113,4.9405346480568824e-08,4.231950900823733e-09,0.045594110270030797,0.00049706418283704,False
ck_0632.png,happy,2.879359145096424e-08,1.908301308216748e-12,1.4861293637768589e-09,99.95055794421184,1.3488857413454533e-05,2.3828588093563563e-09,0.04942850504389435,0.0005390440112945459,False
ck_0656.png,happy,1.983145099770147e-07,1.6260414429341399e-06,0.009216542643130505,99.95003342330655,4.118854765177517e-05,1.1898807626767172e-05,0.04069479715960754,0.0005447626216615044,False
ck_0633.png,happy,0.048621080350130796,1.871375450435142e-09,0.0011725688636943232,99.94820952415466,0.0004782835276273545,9.998518635256914e-05,0.0014230267879611347,0.0005646477558727991,False
ck_0856.png,surprise,2.7475388630904263e-07,3.6758510554572867e-17,0.06454756949096918,5.827461677654355e-05,3.777845549411685e-12,99.93539452552795,4.3972983620240574e-12,0.000646056360750336,False
ck_0896.png,surprise,0.006305475108092651,0.00023547588625660865,0.06115729920566082,1.423380950882347e-05,0.0005649849754263414,99.93171691894531,7.681611435828017e-06,0.0006828325185677507,False
ck_0652.png,happy,7.19282780412111e-05,3.557673065033033e-07,1.6440359645575136e-05,99.93075133195504,5.053677193795395e-05,3.0576773021144805e-07,0.06910793357918459,0.0007549864018538366,False
ck_0595.png,happy,1.3153928508864609e-06,1.627913141875698e-13,5.514171045928111e-09,99.92163776884304,6.341030301317243e-07,2.1388357638628348e-09,0.07836235921382065,0.000854347391981844,False
ck_0853.png,surprise,0.022524924359107093,9.469933256371531e-10,0.06294640893382919,0.004596791220582764,4.656437524473786e-06,99.90991355062562,1.657491794957637e-05,0.0009008667471502876,False
ck_0857.png,surprise,0.0005436125320557039,2.678303623326883e-06,0.0890002294909209,0.002713395770115312,7.057823769862637e-08,99.90774393081665,4.043683790588837e-09,0.0009225629995104438,False
ck_0651.png,happy,3.520889135799621e-07,1.2551877939803724e-09,3.4132983106616166e-07,99.90273714065552,9.686325341817792e-06,1.321533371623218e-06,0.09725072304718196,0.0010604122546129975,False
ck_0645.png,happy,0.00863692766870372,0.0002692688212846406,0.0002986010940730921,99.90054965019226,0.04536122432909906,1.7436175170360002e-06,0.04488731792662293,0.0010842614577900394,False
ck_0601.png,happy,2.540471511179477e-12,1.6882788105629623e-20,7.50340928442509e-12,99.89258050278309,9.98223091510313e-10,2.5626557959918365e-07,0.10742080106859213,0.001171145409469597,False
ck_0649.png,happy,0.001697486368357204,0.0017507893062429503,0.0022410284145735204,99.88706707954407,0.034234768827445805,1.1819579093241828e-06,0.07300474680960178,0.0012312557291428155,False
ck_0602.png,happy,2.2037931479701456e-07,2.5668973125987228e-17,1.0187776317005515e-08,99.87919926643372,2.6219427695650666e-05,9.577341003597084e-09,0.1207798020914197,0.0013170348795343558,False
ck_0620.png,happy,4.1764820226351806e-11,1.052488094270001e-13,4.644921253182943e-09,99.8747706413269,2.3625115197489777e-07,9.224477084956995e-10,0.12523027835413814,0.0013653181437320184,False
ck_0889.png,surprise,0.06441346882383897,1.2448018908322198e-07,0.07870816851533431,0.02317483173322076,4.892370014315272e-06,99.83344676095882,0.00025446965232381785,0.0016655365565449573,False
ck_0874.png,surprise,0.032748281955718994,2.9311999875936134e-10,0.14069193275645375,0.00021722898964071646,6.612037584119435e-07,99.8263418674469,7.982209893064862e-08,0.0017365856693847255,False
ck_0643.png,happy,0.00019221120037990982,1.2177002398088635e-07,0.07279055140242859,99.83862640397234,0.0008571465401947431,1.648967841098499e-05,0.08751337420967231,0.0017593821521596463,False
ck_0900.png,surprise,2.3864343209984605e-07,7.796427436235012e-13,0.19616840862710372,3.9414454553360534e-05,1.3704470527611822e-12,99.80378749325425,7.640779731044313e-16,0.001962129975482355,False
ck_0881.png,surprise,0.12444350868463516,1.2602172071117241e-13,0.06392724462784827,0.027251234860159457,0.00014606551985707483,99.77661371231079,0.007618931704200804,0.0022338684646370597,False
ck_0612.png,happy,4.180370704309213e-14,2.6287758467514914e-20,5.0405856018051584e-14,99.76372718811035,1.6425092189131796e-09,9.879441015270274e-10,0.23627385962754488,0.0025759738799398958,False
ck_0916.png,surprise,0.0009296958523918875,1.0363115920952737e-08,0.2713942201808095,0.003880358417518437,1.4001479087255575e-06,99.72379207611084,2.9283200864149705e-08,0.0027620861479076084,False
ck_0609.png,happy,0.0009510282325209118,1.9125987685969514e-10,2.494312809631083e-05,99.73799586296082,8.380409326491645e-05,9.479260398848055e-06,0.26093265041708946,0.0028565106922431383,False
ck_0650.png,happy,0.21145737071843496,2.28955698612442e-09,7.419410760597196e-05,99.70922473559085,0.0010763748459043166,1.2681251868996655e-06,0.07816121447399682,0.0031701890710998074,False
ck_0608.png,happy,4.534046152049053e-10,2.782317540425542e-17,1.3257504218607649e-08,99.69427583779549,3.7933614068281103e-07,7.79909374716354e-06,0.3057156638855138,0.00333317003343217,False
ck_0866.png,surprise,0.00019675015927916178,1.26483858838308e-13,0.3439385881759875,8.988540226094276e-06,2.0284577449980422e-07,99.65585468148319,1.27292894929171e-06,0.00344146179355803,False
ck_0605.png,happy,7.739787977190105e-10,9.03941228563844e-18,1.5300931272934954e-13,99.67108964920044,1.122209339343705e-08,5.247669410124445e-07,0.32891316805034876,0.003585958391595442,False
ck_0906.png,surprise,0.10443234972997605,2.631303998320631e-07,0.20149318771023678,0.0656422033916237,2.4136052463091194e-05,99.62824580837761,0.00016358227250796317,0.0037175512152172628,False
ck_0614.png,happy,0.02182187745347619,0.0009496436177869327,0.021515607659239322,99.6496856212616,0.09263919200748205,1.467889774176001e-05,0.21337668877094984,0.0038193166711833373,False
ck_0887.png,surprise,0.2538214041750317,7.45143442857101e-12,0.014076050360905422,0.00029430265255981546,0.0010421721859525794,99.58206410194208,0.1487044096311223,0.004179369434753604,False
ck_0849.png,surprise,0.08201368618756533,6.979270938956006e-07,0.4588980693370104,9.339448183709465e-05,2.0587886950806933e-06,99.45899248123169,1.6131473046243627e-06,0.005410088720349202,False
ck_0882.png,surprise,0.21164393983781338,2.0288151603153892e-06,0.3302499419078231,0.011479863314889371,0.0002876197640944156,99.44625496864319,8.523643941771297e-05,0.0055374641648480915,False
ck_0623.png,happy,2.8635064028096673e-06,3.715932106730204e-16,9.99010538108356e-13,99.32948346909782,0.00016818363385217038,1.105833969093233e-11,0.670351547098252,0.007310333575234316,False
ck_0850.png,surprise,3.94897980982023e-07,4.727978265715282e-18,0.7543847896158695,6.803419978496095e-05,3.628222512774366e-17,99.24554824829102,9.47348952924242e-18,0.007544536388812116,False
ck_0840.png,surprise,5.352806624614459e-05,2.188993513633098e-12,0.7643271237611771,2.9621085673170455e-05,7.799733303670564e-07,99.23559427261353,1.0187054514830193e-11,0.007644076394574,False
ck_0598.png,happy,0.0940009776968509,1.4887659105511375e-06,0.7088883779942989,99.18985366821289,0.0011920518772967625,2.1647566939009266e-05,0.006039242362021469,0.00883265312213498,False
ck_0597.png,happy,7.163135862242598e-07,4.139515065362115e-12,9.974241432786357e-08,98.95873069763184,4.2150102075311224e-06,4.0797897327138344e-05,1.0412253439426422,0.011352480649091322,False
ck_0893.png,surprise,0.01719575623332374,1.427410012804436e-12,1.503465041724744,2.9550820442311823e-05,0.00028993230807919075,98.47889533513161,0.00012689744909616933,0.015211084697326124,False
ck_0914.png,surprise,0.016462025814689696,3.3084821549067556e-07,1.5201853588223457,0.01416696177329868,5.143185433098552e-07,98.4491765499115,8.256531458528116e-06,0.015508273292907663,False
ck_0897.png,surprise,0.007366006759856299,2.5386822630695985e-09,1.8251118406720066,0.020613449806590366,3.6135914194304197e-07,98.14690936487374,9.745505331290965e-10,0.01853095270414304,False
ck_0852.png,surprise,0.6077899804365658,2.3124421840752375e-07,1.8588309754334718,0.0759699407740008,0.0014104785033175735,97.45575219920251,0.000249014117217686,0.02544254164933807,False
ck_0638.png,happy,2.3186876774161647e-05,2.1760263035908167e-08,1.3052927627654753e-06,97.28556275367737,0.00020321210740803508,0.0001687697817942535,2.714049257338047,0.02959426177451534,False
ck_0837.png,surprise,0.0072417612053030786,0.0004425586139340861,3.6837610681341806,0.05731467289265419,0.0007884353150604569,96.22043416256497,0.030012142875646904,0.03779575291573962,False
ck_0878.png,surprise,2.06097848713398,0.00112553625513101,1.7192080616950989,0.059374928241595626,0.08512543281540275,96.06335759162903,0.010829013626789674,0.03936652255418453,False
ck_0684.png,angry,95.74273824691772,0.003196280886186287,0.26039984077215195,0.043205960537306964,3.563985601067543,0.0007057468337734463,0.38576850201934576,0.04238878094594886,False
ck_0864.png,surprise,0.7222550420317079,5.2979834790726454e-08,2.838563901994461,0.000663905433166025,0.001821408768016995,95.54319355149231,0.8935059953335521,0.04456817596684272,False
ck_0907.png,surprise,0.10447138839183588,1.912645458269921e-06,4.363800437593408,0.014861659703503883,0.006194162404534604,95.47041112537251,0.04025921909773718,0.04529600204860741,False
ck_0621.png,happy,0.004966743654222228,7.611064556378722e-11,1.4757665667275432e-05,95.3624427318573,0.0019971672372776084,0.00018230491605208954,4.630395397543907,0.05056115552999182,False
ck_0704.png,angry,94.49116587638855,0.0005011220764572499,1.8049044534564018,0.0002633113126648823,3.6640841513872147,2.363629469925854e-06,0.039085274329409,0.05490846096062074,False
ck_0860.png,surprise,1.3339501805603504,1.934276951942593e-05,4.277017340064049,0.019411322136875242,2.531729137444927e-05,94.36949491500854,8.672632247908041e-05,0.056305191690369856,False
ck_0790.png,sad,3.7056617438793182,4.573096762383599e-09,6.405362486839294,1.1600828075941649e-07,89.58039283752441,6.865398527455824e-09,0.30858274549245834,0.05748983849075817,False
ck_0865.png,surprise,0.009389117957970967,3.6691366054103025e-10,6.785246666044395,0.008303531387027337,3.796743799719658e-06,93.19704256092994,7.325202326338586e-06,0.06802974455867106,False
ck_0918.png,surprise,0.09877200923597702,3.1429891384206052e-06,0.10505941375381783,0.5470386519833026,0.005221327697318099,93.13138805253648,6.11251109987365,0.06868629128487592,False
ck_0843.png,surprise,0.014494353672489524,3.445630625265039e-05,8.811111003160477,0.0013183428563934285,6.248755113347215e-06,91.17289185523987,0.00014337366565086995,0.08827130224731847,False
ck_0686.png,angry,89.51233562900636,2.192686701201175e-10,0.023204139070645814,9.728258778853767e-08,10.446987923800226,1.680244821286544e-07,0.01747187738604858,0.10471250187136699,False
ck_0811.png,sad,1.9319419258167656,0.03198961002721459,2.3917402198004987,1.4590551022058846,84.65404327559988,6.726492307875379e-05,9.531166795631265,0.11000939600864432,False
ck_0883.png,surprise,0.13393881531044063,2.9123466826185775e-13,3.7420603642391725,3.475170540789301,0.07860157283861066,88.38251371592119,4.187710456525033,0.11617515343852892,False
ck_0842.png,surprise,0.38269846700131893,0.0026485258786124177,12.89142519235611,0.00023813286134100053,1.1605760796840059e-07,86.72298789024353,3.7076043624129085e-09,0.13277045320639017,False
ck_0604.png,happy,1.0428247848581762e-08,7.475920733400335e-14,1.715414594226361e-10,87.25845217704773,2.346645970874306e-05,1.0413465645342512e-07,12.741521000862122,0.13891524005419467,False
ck_0606.png,happy,3.318115773254249e-05,5.142366668934011e-14,2.825335698730669e-06,86.57132983207703,0.013381704047787935,5.5795097708699615e-09,13.41525912284851,0.14640661918838918,False
ck_0708.png,angry,85.07984458448355,0.0015422070626844614,0.42439894348097523,0.239895302144253,7.942309773885039,6.206855515715719e-05,6.311945609814452,0.1490514237363976,False
ck_0891.png,surprise,0.0604114306786441,9.286891925283727e-06,15.627404674600998,0.011667846475276772,0.011410981191456697,84.28901621234223,7.275519620982861e-05,0.15711023086833883,False
ck_0913.png,surprise,0.00018228845419798745,8.507963485202691e-12,15.74273407459259,0.0001737067918838875,2.7748825806583888e-09,84.256911277771,2.157720807582919e-08,0.1574312810171184,False
ck_0762.png,disgust,17.38048642873764,82.49914646148682,0.11538878316059709,1.7127088636215149e-07,0.004980155426892452,7.241688138037716e-07,8.409591356617341e-08,0.1589260161935664,False
ck_0696.png,angry,81.96961283683777,7.340339003292229e-07,0.41362857446074486,0.029795843875035644,16.793936491012573,1.1575324521118091e-05,0.7930134423077106,0.18016357287687051,False
ck_0879.png,surprise,18.16583275794983,4.4996006920428044e-07,0.7832528091967106,0.29816091991961,1.1189375470621599e-05,80.75274229049683,3.4131097947920352e-06,0.1924730585425215,False
ck_0636.png,happy,0.046391174254873484,3.694214413637317e-05,0.01941461146569786,80.17744658262174,0.034928707665880604,0.07458759048282021,19.64718614254163,0.21611618970670432,False
ck_0797.png,sad,19.18642371892929,1.0531623489962172e-08,5.20792230963707,0.0030503941161441617,73.20698499679565,2.2661305720816927e-06,2.395617589354515,0.23204589141507048,False
ck_0873.png,surprise,0.043265134445391595,8.234626869274564e-08,25.001952052116394,0.011856569472001866,0.0035615732485894114,74.88899827003479,0.05036622751504183,0.2511106454217945,False
ck_0903.png,surprise,0.7699457928538322,2.891473513955134e-05,25.238731503486633,0.011718244786607102,5.279109416278516e-06,73.97953271865845,3.666945360691898e-05,0.2602053236847679,False
ck_0803.png,sad,7.1415333877166045,1.986538163630912e-06,2.6828976875069515,0.0009900075112798145,68.16052577966144,7.60729983803321e-05,22.013967095140565,0.28584593174603046,False
ck_0661.png,happy,0.012098391003528655,0.00584603255106338,1.5346577357837838,72.8732493964731,4.357427505544127,0.000614745140934133,21.216108943952197,0.29575049470764175,False
ck_0844.png,surprise,8.777586814452789,7.435578163862282e-05,20.05487143339259,0.8274831753989249,0.020600483276078607,70.291510785638,0.027866736806982838,0.2970856352664987,False
ck_0786.png,sad,1.166493259370327,9.000317852114748e-10,0.4949091002345085,0.00016815348544696462,66.93087220191956,1.3816442434588794e-07,31.40755593776703,0.29895520484805127,False
ck_0712.png,angry,68.96993517875671,0.01609747705515474,0.49085570499300957,0.009722117829369381,20.57749330997467,0.0008917650120565668,9.93499830365181,0.31020144236438657,False
ck_0899.png,surprise,18.423637355782827,9.305105081529624e-05,6.280764566705499,0.6371512457520512,0.6527860572359596,68.8278894917899,5.17768145666608,0.31172188481574303,False
ck_0793.png,sad,29.462912678718567,2.0424302249466564e-06,3.174542263150215,1.1226514354348183,64.08823728561401,0.003282133911852725,2.14837659150362,0.32926038845563455,False
ck_0723.png,angry,64.77574286171709,1.0875235676793538,8.251614362193866,0.0003838247269492737,16.375771626922088,0.03184945469417628,9.47712176765463,0.35215662367534,False
ck_0861.png,surprise,26.831507464467588,0.02557241518677292,8.470698181307533,0.05649641879690662,1.9767457125490056,61.986254216879104,0.6527196769154457,0.38013840870030213,False
ck_0801.png,sad,33.31877490058245,0.004264923191829428,7.435893126023635,4.25758577598546e-06,58.6029578920653,5.7883259990490245e-05,0.6380416623602316,0.38773866795852346,False
ck_0880.png,surprise,2.011514202446592,0.0004598925717250673,40.30676426331784,0.25885432638849776,0.006271785615379251,57.41603716707451,0.0001023670453912261,0.4258406935169464,False
ck_0804.png,sad,16.01315438747406,0.0008935751793615054,3.836055099964142,0.017595707322470844,54.615217447280884,0.009902730380417779,25.507181882858276,0.4302517622941268,False
ck_0795.png,sad,15.020224151584607,0.006130518155678805,10.446322209081387,0.010747806110215204,54.212372992947934,0.002981664519381655,20.30121591076661,0.4345464661563179,False
ck_0862.png,surprise,0.144415523391217,2.892933004261522e-06,44.04778182506561,0.43212687596678734,0.00010222030368822743,55.3755521774292,1.694755695780259e-05,0.4462455944537292,False
ck_0789.png,sad,25.0764623329915,9.9644501260902e-06,9.070869330815633,0.0002197439147504494,51.50487729936107,5.6339238146618586e-05,14.34750791475224,0.46341093751007495,False
ck_0822.png,fear,4.247085138807909,0.0754265437411122,39.92523132863418,0.08540669077267536,28.451666647394497,4.470683422170094,22.74450185829423,0.49740699089405926,False
ck_0808.png,sad,18.14602017402649,3.149487426412634e-06,1.014218758791685,4.1674457662566056e-06,48.01514148712158,4.559629618317018e-08,32.82461762428284,0.50061483025242,False
ck_0653.png,happy,45.24620175361633,0.0003967912562075071,2.6717716827988625,52.065420150756836,0.014898244990035892,0.00011407552165110246,0.0011959671610384248,0.5226086939500019,False
ck_0739.png,disgust,31.86945617198944,41.93625450134277,4.629579186439514,0.1618840848095715,7.391397655010223,2.6997262611985207,11.311697214841843,0.5724623326153964,False
ck_0794.png,sad,55.904687154851814,0.00624146707021425,2.2727292877709018,0.02042918156593595,40.73751756400079,0.00024674605569225517,1.0581540273909602,0.5782012019500404,False
ck_0805.png,sad,56.86138868331909,9.898529773622045e-08,1.4374355785548687,7.601169045301504e-05,39.87019956111908,1.1498588747826943e-06,1.8309056758880615,0.5874476342557595,False
ck_0784.png,sad,1.799117615713789,0.0024187068602484446,13.885535464946683,0.8118929377964661,39.31595555734105,0.1914584888207601,43.99362730903951,0.5933564008727985,False
ck_0800.png,sad,5.397166684269905,0.0004889769115834497,36.757925152778625,0.03995209117420018,38.20653855800629,0.014964626461733133,19.58296149969101,0.6051838380401116,False
ck_0807.png,sad,42.684924602508545,5.556559585784271e-05,4.6151768416166306,3.3951926976442337,37.55682706832886,0.0040459544834448025,11.743776500225067,0.6121103785795561,False
ck_0788.png,sad,49.92965459404317,6.0221479040296666e-05,0.8500629611350871,0.0027059819124944902,35.84276651398936,0.0006937941138571578,13.374061189535928,0.6303838893690756,False
ck_0769.png,disgust,54.87860172263394,35.61313960630534,7.45103254622415,2.0719427409738633e-05,1.8885859482637612,0.0009188432706808386,0.1677058038610699,0.6369261199749133,False
ck_0746.png,disgust,30.663031339645386,34.611910581588745,2.6701316237449646,0.08849986479617655,6.827693432569504,0.03462846507318318,25.10409653186798,0.6471335914535926,False
ck_0787.png,sad,12.973564863204956,0.00026883578811975894,1.4828136190772057,0.025477525196038187,34.18183624744415,0.006826538447057828,51.3292133808136,0.6480909809123199,False
ck_0785.png,sad,31.5557599067688,1.0095504876517225e-05,6.730028986930847,1.1867718541225258e-05,33.43668282032013,0.00013146725450496888,28.277376294136047,0.656035023003438,False
ck_0766.png,disgust,46.44027054309845,32.24053978919983,8.972349762916565,0.039235729491338134,9.014887362718582,0.38505326956510544,2.9076673090457916,0.6713095782968973,False
ck_0809.png,sad,23.972634971141815,0.057881028624251485,8.665785193443298,0.01908262347569689,30.99505603313446,0.005939736729487777,36.283618211746216,0.6820650797168137,False
ck_0806.png,sad,3.5425275564193726,0.00023860732198954793,38.956668972969055,1.5058732591569424,29.30697202682495,0.43658618815243244,26.251131296157837,0.7000616558732489,False
ck_0693.png,angry,27.702121597654916,0.10031614817700674,19.878433339502415,0.014144705462047038,49.81627463199345,0.003557472730919956,2.485150619456209,0.7230100286725655,False
ck_0869.png,surprise,72.89846974006115,8.121512835602029e-07,0.009298565245799884,8.252579769615357e-05,2.0017569240732354e-06,27.092118685967844,2.8986191886941988e-05,0.7290806368451305,False
ck_0697.png,angry,26.299847739925845,0.0009371000136650642,7.371883533709259,0.03401584020072014,31.242336704870265,0.0015802911580667218,35.04939884241813,0.7370371999373679,False
ck_0699.png,angry,25.811460517470774,0.20886838740189226,18.630937501080336,3.2976425978371386,44.96851623433635,0.5274572246572704,6.555112414942692,0.7419226159887039,False
ck_0706.png,angry,24.543316635091106,1.4522780999654947e-05,2.8053642991402326,5.7453670492835725e-05,49.31362565241013,5.100268511769124e-07,23.33762188778054,0.7546080635056096,False
ck_0752.png,disgust,37.66024039150717,23.793585526560875,10.024487079649393,0.00573533614067036,26.067142252155676,1.608730389698171,0.8400851430049624,0.7574257840690999,False
ck_0912.png,surprise,40.35121442980852,0.06295192081380908,24.424925412233197,4.794850113680965,0.6911766195998561,23.922625119842596,5.752262070909862,0.7607756517875326,False
ck_0703.png,angry,22.513381840393762,0.0007442912624862805,11.200281077656875,1.9499829500893295,49.14980222580459,1.3785528731111136,13.807255185515306,0.7749138282210084,False
ck_0710.png,angry,22.185011208057404,3.501409440165304e-08,0.049831700744107366,0.04867647076025605,9.247294068336487,7.196732099146175e-05,68.46911907196045,0.7781985725473222,False
ck_0779.png,disgust,77.30797529220581,21.46948277950287,1.2111080810427666,2.4724903369133244e-05,0.011319523764541373,6.139674724181532e-05,2.7593407025960914e-05,0.7811198759486576,False
ck_0695.png,angry,20.926089584827423,8.028355757971894e-07,3.327377885580063,2.926927606949903e-05,63.04054856300354,1.6453921558579054e-07,12.705953419208527,0.7907917683205131,False
ck_0885.png,surprise,78.95904434215494,2.2584616351330156e-12,0.7434696935451396,0.012892308505051315,0.0005865904523620122,20.28388735248001,0.00011353413139554898,0.7971631204798995,False
ck_0870.png,surprise,0.5896402522921562,1.6482325226885308e-08,0.14383650850504637,0.49179065972566605,0.24477378465235233,18.696457147598267,79.83350157737732,0.8130374622364145,False
ck_0792.png,sad,5.132615872181408,3.294137104040295e-08,0.35267611739344107,6.426874775744787e-05,18.3982174633871,3.099414243477633e-06,76.11642337539335,0.8163593232517607,False
ck_0791.png,sad,4.7708287835121155,2.0693677527106047e-05,2.078551799058914,0.004085287946509197,18.238846957683563,0.00038882562876096927,74.9072790145874,0.8180583639584218,False
ck_0824.png,fear,9.015704361712412,0.009398445734520392,13.93074376216605,51.853132027014254,6.204298144066555,3.903011139868362,15.083701600587178,0.8246348438441816,False
ck_0702.png,angry,17.533008309186002,4.4373662946620585e-07,5.722330479164748,0.028713049215856146,63.269398407304195,0.0004912633195958123,13.446065094832486,0.8247333068484404,False
ck_0796.png,sad,0.3692285881738558,1.7747429241907695e-14,1.4118897433407142e-05,0.0005102584810805641,17.33812036059852,2.011781300144819e-09,82.2921237597318,0.8276609635565342,False
ck_0694.png,angry,16.29481166601181,2.587372566000036e-16,0.00032559019018663093,6.490264575775839e-09,49.18692708015442,2.027424181230003e-11,34.517934918403625,0.8371191873079359,False
ck_0707.png,angry,15.948818624019623,2.3117079084311598e-08,0.25892413686960936,0.00184963209903799,23.36573302745819,2.4263002273983147e-06,60.42466759681702,0.8405802114364996,False
ck_0722.png,angry,15.868295729160309,0.14609701465815306,39.762040972709656,2.0627994956612383e-05,43.294692039489746,3.859512176518365e-06,0.92884860932827,0.841385694923697,False
ck_0716.png,angry,15.798481750397787,1.2073145980919896e-08,0.0022498944849295047,0.27857375594668127,8.61105821198572,7.346834689980968e-06,75.3096267765538,0.84208405539828,False
ck_0682.png,angry,15.585609148217339,0.0008657482007723485,0.9598124053850657,0.014907795733956484,66.9611533833925,6.834573828947452e-05,16.477585313032307,0.8442134543255374,False
ck_0815.png,fear,12.203561514616013,0.0007170409389800625,12.170953303575516,0.7002650760114193,0.828832108527422,29.412344098091125,44.68332529067993,0.8467877119064672,False
ck_0919.png,surprise,0.5205677822232246,3.441784102165002e-06,0.5768097937107086,12.164317071437836,0.03677698550745845,14.918507635593414,71.78301811218262,0.8508170518574218,False
ck_0687.png,angry,14.769737422466278,2.5741793141520475e-07,2.8324387967586517,4.7018832560752344e-05,80.37307858467102,1.4135226322764538e-08,2.0246990025043488,0.8523747506116663,False
ck_0719.png,angry,14.503733813762665,1.227841828210785e-07,4.32712659239769,0.00011006015938619385,70.51203846931458,7.133724011509912e-06,10.6569804251194,0.8550356275550501,False
ck_0841.png,surprise,85.09640275282827,8.226331523424755e-07,0.38020843764144924,0.13198030237715813,0.00012297089950330541,14.391138924224505,0.00013757331268424492,0.8560907521626183,False
ck_0713.png,angry,14.003115892410278,5.2199101219230215e-05,1.8865011632442474,0.2025059424340725,21.953070163726807,0.00011059659072998329,61.95464730262756,0.8600433892574694,False
ck_0692.png,angry,13.098198175430298,7.012968517034137e-23,4.930194585917036e-08,1.1117499099100314e-05,0.1324931625276804,4.808892541986742e-11,86.76929473876953,0.8690954269366062,False
ck_0683.png,angry,12.389190508223711,5.0889336673297736e-08,1.3647042450661366,0.03506957600926447,65.21612820433042,1.720592529844449e-05,20.994887233389946,0.8761877448323923,False
ck_0726.png,disgust,80.21480801282024,11.514624835804085,2.1552468425329736,0.0025632663309556342,5.949476325449505,0.02367846891828256,0.1396031518179955,0.8826090717531563,False
ck_0681.png,angry,11.490834504365921,8.515451668245078e-05,9.17307436466217,0.02143045567208901,61.93310022354126,0.0005628651706501842,17.38092005252838,0.8851741446382648,False
ck_0701.png,angry,10.871654748916626,0.0014830219697614666,0.3479677252471447,0.05565192550420761,13.525387644767761,0.0029094619094394147,75.19494295120239,0.8913678994640528,False
ck_0698.png,angry,10.457341372966766,4.853693141848581e-09,0.46426025219261646,5.9533562080105185e-05,5.383112654089928,0.00020494924228842137,83.69501829147339,0.8955123428976336,False
ck_0690.png,angry,10.402478277683258,2.034486468183161e-09,1.1113089509308338,0.003507130895741284,33.02428126335144,2.980126811991113e-07,55.458420515060425,0.8960611472766193,False
ck_0700.png,angry,9.512529522180557,1.448191540021071e-05,1.133504044264555,0.1845623250119388,50.38452744483948,5.2772668368561426e-05,38.784804940223694,0.9049634480230303,False
ck_0691.png,angry,9.416489864378564,4.8803168193931204e-11,0.06767733542374285,3.971944645677799e-05,87.07380217753662,4.2698610865978496e-11,3.4419870192996873,0.9059241481892469,False
ck_0810.png,sad,29.804096198570274,6.075410552799632e-05,0.1689229943995767,0.0913031857337875,9.904028910878766,0.0001174156776777706,60.031474832472185,0.9069154274509423,False
ck_0680.png,angry,8.361881971359253,2.664485866491639e-14,0.0074990850407630205,3.099317677501823e-10,88.41013312339783,5.421668583511065e-13,3.2204896211624146,0.9164735608100821,False
ck_0709.png,angry,8.338632434606552,0.0013053058864898048,6.679513305425644,0.762879429385066,42.31579601764679,0.1123623107559979,41.789510846138,0.9167061296710503,False
ck_0825.png,fear,18.724988026916268,34.00546216997279,6.101056179467212,15.7526502461821,25.207181287239866,0.007168974543515938,0.2014945148449847,0.9231977353189792,False
ck_0744.png,disgust,91.38817191123962,7.279442995786667,0.0021962629034533165,0.00473045147373341,0.3707990050315857,0.0003758154889510479,0.9542852640151978,0.9257865034613864,False
ck_0637.png,happy,0.1203626537755315,3.8466008656375097e-05,0.00612631556849777,13.168861051662093,1.49567424454382,0.23324054652339773,84.97569977947471,0.946680001424869,False
ck_0763.png,disgust,5.344035476446152,4.95133139193058,2.0223869010806084,25.655445456504822,10.780090093612671,0.13377355644479394,51.112937927246094,0.9495214654020573,False
ck_0839.png,surprise,0.8621338337441584,4.57591822840857e-05,5.473210616303123,5.603678858499459,1.2474078497235686,4.98462572602187,81.82889710836989,0.950156119437497,False
ck_0813.png,fear,33.02356797597218,0.029314634158403227,3.7664855281403975,0.9946056303146857,37.68811450529781,0.007680598085567613,24.490228264941468,0.9525861408353661,False
ck_0905.png,surprise,12.52325847883573,0.009120669526721211,82.50690594356692,0.655389057421032,0.07562890983209966,4.175193484139054,0.05450963251163855,0.9582504621033198,False
ck_0720.png,angry,4.1374508291482925,1.655505177389216e-07,1.3078066520392895,0.001571310349390842,24.116209149360657,0.0005308867457642918,70.43642997741699,0.9587312259598284,False
ck_0688.png,angry,3.1624045267587335,0.0024633086676392794,28.760931344143312,0.0014269607955016959,67.62097687971317,0.0004000157809340348,0.4513997191369199,0.968484771174513,False
ck_0705.png,angry,2.5734957307577133,5.065630640649355e-10,0.28339808341115713,3.579085614546784e-05,29.409274458885193,5.569434496921488e-09,67.73380041122437,0.97437572071716,False
ck_0828.png,fear,8.45522851733449e-07,2.0082605240195176e-16,2.0131004974246025,0.00024818070869514486,1.2017622140481077e-10,97.98665046691895,4.4239043539562317e-07,0.9746583750938377,False
ck_0730.png,disgust,48.10915578062271,2.291279050188008,1.5928027238132192,4.889089905565376,13.715546650621095,0.9751536533328088,28.426970745740576,0.9766405437945531,False
ck_0733.png,disgust,22.37483114004135,2.2497622296214104,18.491700291633606,1.3416723348200321,17.27258414030075,19.97245103120804,18.297003209590912,0.9770638053574497,False
ck_0717.png,angry,2.203751541674137,1.0064842292933918e-07,0.03300157259218395,1.162838563323021,6.601833552122116,0.0029942573746666312,89.99558091163635,0.9780743313957047,False
ck_0721.png,angry,1.962788961827755,0.0018628265024744906,38.57540786266327,0.3121080109849572,22.72944450378418,0.005571368092205375,36.412814259529114,0.9804847188940409,False
ck_0799.png,sad,96.08893347846669,5.130179115796261e-07,1.0647020640614109,0.0009129782662656793,2.823510357559962,7.331954140779674e-07,0.021945713957819517,0.982400469010237,False
ck_0859.png,surprise,96.64628485717087,0.0001117863301497245,1.4902308540183815,0.1542279937961992,0.011190547896497944,1.6947438087906723,0.0032145651954758655,0.9830550209023315,False
ck_0835.png,fear,0.044963337131775916,0.04577829095069319,1.26497158780694,87.7423107624054,5.679186061024666,3.1061202321325254e-05,5.222759768366814,0.9840760878376696,False
ck_0759.png,disgust,92.90405511856079,1.3338321819901466,2.3406436666846275,0.022104315576143563,2.578732557594776,0.40757241658866405,0.41306205093860626,0.9864016587425011,False
ck_0685.png,angry,1.3582466979769885,0.0017661258568703708,2.9390511923462865,0.8873037591459607,5.915418992365539,0.020435015666616152,88.87777858244053,0.9865320525336905,False
ck_0754.png,disgust,85.13680696487427,1.2895487248897552,12.161939591169357,0.003748651215573773,1.3855040073394775,0.00027862615752383135,0.022178582730703056,0.9868531260034084,False
ck_0834.png,fear,39.47396701884663,0.0010727293187257807,0.8390891296757305,43.04007970808986,13.947239345641215,0.016653646359530525,2.6818886927498946,0.989437247661538,False
ck_0743.png,disgust,92.51099914181243,1.018521533933695,6.127920761356263,6.0814833913244086e-05,0.3424134395747257,6.647603274755369e-06,7.297355449301019e-05,0.9896162323989841,False
ck_0826.png,fear,94.83110904693604,9.013142232561222e-06,0.7857441902160645,3.463888540863991,0.0017994776499108411,0.11794185265898705,0.7995074614882469,0.9901087727285548,False
ck_0901.png,surprise,96.09928131103516,1.0269648445444008e-18,1.4872168385693385e-06,8.80090809118883e-06,4.303960743357038e-07,0.9095246903598309,2.991184778511524,0.9909072317279718,False
ck_0767.png,disgust,99.22667737166151,0.74829826866378,0.017418941880867147,1.5018862605041867e-07,0.007529928273908244,7.453964361505322e-05,1.984920080038794e-06,0.992371142819104,False
ck_0777.png,disgust,78.01983821510305,0.5976673571865175,2.464403731489404,0.07291686340857229,11.371058903399641,2.4116852826884556,5.0624302811879085,0.9939068161713092,False
ck_0711.png,angry,0.502169132232666,6.268240700796346e-10,0.2292698947712779,0.028265660512261093,20.281873643398285,1.0502981123705624e-08,78.9584219455719,0.995095534313275,False
ck_0689.png,angry,0.4377530682982843,5.2661339801761856e-11,0.002882353318362136,19.147868105642086,0.3191196782734798,4.265382044228388e-05,80.09233356072507,0.9957398985763836,False
ck_0904.png,surprise,83.10073614120483,3.0291252528513724e-05,0.4477966111153364,14.654156565666199,0.6141433957964182,0.33536304254084826,0.8477737195789814,0.9966488625681392,False
ck_0775.png,disgust,8.510646731295987,0.288462143821248,1.5104682153742441,5.507077232425048,26.372556470188883,1.4853461599556304,56.32544495615035,0.997059145277408,False
ck_0714.png,angry,0.24155129212886095,3.1243443840119414e-12,0.2114991657435894,1.1370374863872712e-06,84.18876528739929,4.598968775249013e-13,15.35818874835968,0.9977025365458627,False
ck_0845.png,surprise,0.5742748486876308,5.441086452764542e-07,0.30872508838475804,1.648955243701368,3.945965790267681,0.22179680260828766,93.30028215650107,0.9977845278081906,False
ck_0778.png,disgust,63.597989082336426,0.18232653383165598,32.456329464912415,0.5708859767764807,3.0063193291425705,0.019453912682365626,0.1666916417889297,0.99814119162754,False
ck_0736.png,disgust,26.750110194093597,0.17788474111317046,0.9531600968933164,22.77320014078618,46.145778664694944,0.0018830796065317419,3.197985705613238,0.9981864754450973,False
ck_0832.png,fear,2.104724943637848,5.848076189973739e-09,0.14113073702901602,0.00861837834236212,4.1182562708854675,30.638888478279114,62.98838257789612,0.9982233960974439,False
ck_0818.png,fear,0.01144206553387047,5.876406733052599e-10,0.09639477954382843,1.0897732903333557,96.51795667195837,7.397570384806072e-05,2.28435425795862,0.9987865482380706,False
ck_0724.png,angry,0.11359921867991797,3.818046195846796e-05,0.01916314182005923,3.837628146268615,3.2683504830807735,5.7501151803440265e-05,92.76116447217252,0.9989824617459669,False
ck_0816.png,fear,3.6431904264461488,2.7332961522070323e-07,0.05677714849126059,96.24508664070527,0.05489339164797763,1.9881938168257056e-08,4.5913742707847554e-05,0.9992852690655211,False
ck_0820.png,fear,0.7608436035867693,6.580028470162911e-07,0.04717276887414717,0.6097162505815179,0.41744241185143066,0.0027227788254458873,98.16210258973257,0.9994061724113935,False
ck_0814.png,fear,48.808327317237854,3.890871624889769e-06,0.035318845766596496,50.53807497024536,0.16119236825034022,0.4024647641927004,0.05462339613586664,0.999555393810646,False
ck_0830.png,fear,0.04697826203258479,0.0007480529784959799,0.03457738615191116,69.28267112763776,1.2850169692953788,0.0010579280921454036,29.348952096575747,0.9995647275679337,False
ck_0734.png,disgust,98.89022105277903,0.034778977605378784,0.415484818249036,4.284727495068092e-06,0.6589852200588715,1.2179041435197778e-05,0.0005144792646359866,0.9996454303528954,False
ck_0821.png,fear,0.10761372977867723,9.093221835232423e-10,0.02708000538405031,0.0026589999833959155,0.0793176528532058,9.355055681226077e-05,99.78323578834534,0.9996591072630573,False
ck_0836.png,fear,0.047754350944834836,1.6375332469689213e-07,0.009521531639615027,43.17717335496266,0.4093877017482875,0.002308506279786766,56.35384841515441,0.9998801395742264,False
ck_0748.png,disgust,89.25304412841797,0.0074518960900604725,0.9518390521407127,0.01363909977953881,9.255947917699814,9.270708574149467e-05,0.5179902538657188,0.999924028354229,False
ck_0731.png,disgust,97.31562765650419,0.005499995021732186,0.35724805600219295,0.4026032038655038,1.7204582502891719,0.008772670526148912,0.18978203945597535,0.9999439278717144,False
ck_0761.png,disgust,97.2682360090928,0.005076396095888968,2.670192586458613,0.0003732628338872872,0.05604776584160139,1.2035094684994028e-05,5.5216064777341634e-05,0.9999482464380436,False
ck_0737.png,disgust,98.85249733924866,0.003843961894745007,0.022801768500357866,0.2077461453154683,0.6728193257004023,0.0009978654816222843,0.2392967464402318,0.9999608110328035,False
ck_0817.png,fear,47.167733649285594,2.6519640958206063e-09,0.002460732937349178,52.645194215155335,0.11276526894983423,9.161641019468687e-06,0.07183351279730943,0.9999690234190627,False
ck_0729.png,disgust,42.69550144672394,0.0018048651327262633,0.8252882398664951,0.027635012520477176,43.53744983673096,0.006065507841412909,12.906250357627869,0.9999815995052976,False
ck_0764.png,disgust,95.01717656953196,0.0017114257499633804,3.302054676536004,0.0016324155758247682,1.670331421216215,6.772900422299747e-07,0.007092552973351805,0.9999825521143522,False
ck_0780.png,disgust,96.7257682411947,0.001269131311030306,0.6081010887055291,0.0074858011601655295,2.6538014973638657,6.730762699735779e-07,0.003570354540012422,0.9999870612803461,False
ck_0755.png,disgust,19.53001171350479,0.0008863249604473822,0.1231329282745719,1.076237577944994,17.04506427049637,0.005506973320734687,62.21916675567627,0.9999909639687512,False
ck_0747.png,disgust,0.10566664859652519,0.0008787966180534568,0.023742279154248536,0.33356123603880405,1.1196080595254898,0.0004334067398303887,98.41610789299011,0.9999910407197625,False
ck_0782.png,disgust,78.8945223218772,0.0007083786450961218,0.3287788787077214,0.12306648702126896,13.55058538310702,8.195574014998531e-05,7.102253931492099,0.9999927781210518,False
ck_0833.png,fear,0.004388398883747868,2.301895255150629e-13,0.0004948049081576755,99.9950647354126,7.14226615627922e-06,1.4818148097450745e-08,4.4947631749892025e-05,0.9999937712201646,False
ck_0732.png,disgust,83.75825881958008,0.0004568113126879325,3.5327497869729996,0.00047406324483745266,12.373793125152588,3.566002604316054e-06,0.3342560725286603,0.999995342835325,False
ck_0735.png,disgust,99.95027780532837,0.00036967724099667976,0.0177356181666255,5.324796461536607e-05,0.03139391483273357,0.00016150864894370898,6.111272909947729e-06,0.9999962311621011,False
ck_0745.png,disgust,2.8729530051350594,0.00031237336770573165,0.0521457870490849,2.984274737536907,11.841022223234177,0.004979049117537215,82.24431872367859,0.9999968153717453,False
ck_0829.png,fear,4.420463150198835,4.78776971022705e-10,0.0002072528351755351,95.12411893893706,0.004937812488796188,0.000741504070165703,0.4495359561784215,0.9999973910279111,False
ck_0823.png,fear,0.17988859908655286,8.484396995731003e-11,0.00013288074569572927,0.2105219755321741,0.3326406702399254,0.000282548558061535,99.27653670310974,0.9999983272502196,False
ck_0773.png,disgust,99.41696521144898,0.00011093755553738778,0.04701885325760265,0.05844479658684412,0.46385720343036674,7.744109815364919e-06,0.013602378832224985,0.9999988689980952,False
ck_0765.png,disgust,98.29784055974,8.652146553636928e-05,0.34383882860525505,0.3209770740148933,1.0258955589359333,4.001811027341887e-06,0.011347119391494168,0.999999117918708,False
ck_0819.png,fear,0.010870830578698138,3.054590365213653e-10,3.365586966205424e-05,0.06394399277384492,2.8338189821027497,6.274142977997746e-10,97.09133471147236,0.9999995763282429,False
ck_0741.png,disgust,99.79350569325618,5.517127430024697e-06,0.16041067844949025,8.875116804853521e-08,0.04605473110451774,9.20213309655136e-09,1.849139074583621e-05,0.9999999437532079,False
ck_0742.png,disgust,74.17104090279585,1.780088360678629e-06,0.04594726470822929,5.242505237013414,5.7988874345354695,0.00890680656422453,14.732711895269864,0.999999981852103,False
ck_0771.png,disgust,99.56525564193726,1.1241771069592232e-06,0.002050839248113334,0.012742850231006742,0.3615046152845025,4.047525647976613e-08,0.05844616098329425,0.99999998853908,False
ck_0783.png,disgust,98.89070987701416,8.463975298411697e-07,0.0001955320840352215,9.360791750623321e-05,1.104696374386549,7.655811748441543e-12,0.00430639338446781,0.9999999913710267,False
ck_0750.png,disgust,99.86637830734253,6.922318274149575e-07,0.026987871387973428,0.01827343221521005,0.08759385673329234,4.044629875465944e-06,0.0007588768312416505,0.999999992942737,False
ck_0770.png,disgust,92.62107014656067,4.085149551968925e-07,0.0068562309024855494,0.2738889306783676,4.55036573112011,0.0018405664377496578,2.5459744036197662,0.9999999958352139,False
ck_0738.png,disgust,99.96111392743074,2.9104653756544477e-07,0.006330096598366445,0.005968141696146753,0.026557840592881476,2.8298021614013256e-06,3.215416107400879e-05,0.9999999970327975,False
ck_0740.png,disgust,99.78799822473547,2.0912427072855833e-07,0.029740633273682503,0.13331534148718815,0.04891183924794623,3.9725384908838893e-08,2.8003062838781758e-05,0.9999999978679903,False
ck_0827.png,fear,1.9136059847824072e-05,1.3395929910767726e-18,5.823375670566122e-08,0.0013188723642088007,0.004528622230282053,4.779951174455066e-10,99.9941349029541,0.9999999992672307,False
ck_0774.png,disgust,99.99552965217475,5.603890016788616e-08,0.003109926903903816,4.117066729684511e-06,0.0013503193467940423,9.925735438267882e-09,2.7346727175711657e-08,0.9999999994286868,False
ck_0756.png,disgust,99.22033548355103,3.508060508750077e-08,0.21072288509458303,0.0094796676421538,0.5539361387491226,1.660447335183335e-08,0.005529108966584317,0.9999999996423552,False
ck_0753.png,disgust,93.37038397789001,2.9903740594861006e-08,0.04882739740423858,0.026175632956437767,5.214376375079155,3.5986085222816655e-07,1.3402377255260944,0.999999999695133,False
ck_0728.png,disgust,99.80884789281177,2.7056514198637355e-08,0.012054938260946469,7.618376570715488e-05,0.1772041421766068,7.2158340496088386e-06,0.0018120686206709517,0.9999999997241604,False
ck_0725.png,disgust,99.83021020889282,1.3289161437946007e-08,0.039594658301211894,0.003126931915176101,0.1270029810257256,2.7605993879742385e-09,6.159581289466587e-05,0.9999999998645177,False
ck_0751.png,disgust,99.99895095825195,2.0137180117840714e-09,0.00012081918612238951,0.00034292793316126335,0.0005780982519354438,1.0044489111987742e-10,8.218211178245838e-06,0.9999999999794702,False
ck_0757.png,disgust,99.99839663495997,1.3674961501487954e-10,0.00010632921382092842,5.4650601970553774e-05,0.0013601743277289503,3.671570599901248e-07,8.312347217504782e-05,0.9999999999986058,False
ck_0758.png,disgust,99.99998807907104,6.991285263387159e-12,9.024483205166689e-06,4.514424616838548e-14,7.891888531563751e-10,1.6557009992044498e-17,2.4034040305518512e-17,0.9999999999999287,False
ck_0772.png,disgust,100.0,3.2365860751053244e-12,1.284196482487232e-06,2.3932954576477705e-09,7.97463595159087e-08,4.4230236737805007e-14,1.3596666042950227e-13,0.9999999999999669,False
ck_0749.png,disgust,99.97401237332895,2.7158151344155263e-12,0.0007097250968513835,2.0467964899479326e-05,0.024927266380139673,6.629324221140302e-11,0.0003363475544055048,0.9999999999999722,False
ck_0781.png,disgust,0.8754717298414385,1.439285840034096e-12,6.992557056517797e-06,99.12450899177897,3.0816949113604235e-06,7.189382835675166e-07,7.719281779174436e-06,0.9999999999999853,False
ck_0727.png,disgust,100.0,1.9624726360433593e-14,2.653562286081875e-12,1.4342914774975474e-15,8.231375650535888e-11,1.1588419878786143e-16,1.528754312311021e-14,0.9999999999999998,False
ck_0798.png,sad,97.50220164669761,7.246313314983026e-07,0.09933852717062992,0.9827441190328668,1.1726693017881693,7.932331318309721e-05,0.2429720624817647,0.9999999999999998,False
ck_0715.png,angry,0.011877548220952121,1.2602386249169716e-10,2.5519496305101448e-05,95.70201013696254,0.0027735966630374888,2.615865145814345e-09,4.283317806322444,0.9999999999999999,False
ck_0658.png,happy,4.8863004080236205,0.033302848698927384,2.200362962505994,8.278257893220061,83.68408582711731,3.544727958166997e-05,0.917657891968363,0.9999999999999999,False
ck_0890.png,surprise,5.971401557326317,0.000317444187203364,0.03024889447260648,0.4930427297949791,15.090852975845337,0.00025013760023284703,78.41388583183289,1.0,False
ck_0812.png,fear,4.124219629003667e-10,1.3784254566845176e-16,2.3660725614015055e-11,99.99899864196777,1.6470886876618351e-06,2.5019752936117357e-07,0.0010019730325439014,1.0,False
ck_0768.png,disgust,99.99648332595825,4.660815005006794e-15,5.413684789346007e-05,2.4350765848168976e-08,0.003429160642554052,1.0289627494237258e-11,3.283709872903273e-05,1.0,False
ck_0760.png,disgust,99.98178481947093,1.0877149631871514e-16,1.3068514161507796e-06,0.0012445335246973163,0.0026281477150753643,8.852547001300668e-09,0.014339644385257028,1.0,False
